Time,External Nutrition,Internal Nutrition,Active Hyphal,Inactive Hyphal,Tip
0,156250,0.0156254796744221,1,0,14
1,156249.9999999,0.0156263324284955,1,0,14
2,156249.9999998,0.015627200175175,1,0,14
3,156249.999999699,0.015628080564571,1,0,14
4,156249.999999597,0.0156289766141863,1,0,14
5,156249.999999493,0.0156298939922675,1,0,14
6,156249.999999387,0.0156308393506677,1,0,14
7,156249.999999278,0.0156318193499565,1,0,14
8,156249.999999165,0.0156328401383887,1,0,14
9,156249.999999047,0.0156339071262039,1,0,14
10,156249.999998924,0.0156350249475761,1,0,14
11,156249.999998796,0.0156361975355712,1,0,14
12,156249.999998661,0.0156374282578095,1,0,14
13,156249.99999852,0.0156387200764404,1,0,14
14,156249.999998372,0.0156400757079181,1,0,14
15,156249.999998216,0.0156414977671917,1,0,14
16,156249.999998053,0.015642988887946,1,0,14
17,156249.999997883,0.0156445518157931,1,0,14
18,156249.999997703,0.0156461894750542,1,0,14
19,156249.999997516,0.0156479050121964,1,0,14
20,156249.999997319,0.0156497018203153,1,0,14
21,156249.999997113,0.0156515835495202,1,0,14
22,156249.999996897,0.0156535541079123,1,0,14
23,156249.999996671,0.015655617657275,1,0,14
24,156249.999996434,0.0156577786067942,1,0,14
25,156249.999996186,0.0156600416072636,1,0,14
26,156249.999995927,0.0156624115474007,1,0,14
27,156249.999995655,0.0156648935531833,1,0,14
28,156249.99999537,0.0156674929905481,1,0,14
29,156249.999995072,0.0156702154713813,1,0,14
30,156249.99999476,0.0156730668624684,1,0,14
31,156249.999994433,0.0156760532969342,1,0,14
32,156249.99999409,0.0156791811876649,1,0,14
33,156249.999993731,0.0156824572422371,1,0,14
34,156249.999993356,0.0156858884789541,1,0,14
35,156249.999992962,0.0156894822436855,1,0,14
36,156249.99999255,0.0156932462273052,1,0,14
37,156249.999992118,0.0156971884836187,1,0,14
38,156249.999991666,0.0157013174477443,1,0,14
39,156249.999991192,0.0157056419549752,1,0,14
40,156249.999990696,0.0157101712601883,1,0,14
41,156249.999990177,0.0157149150578938,1,0,14
42,156249.999989633,0.0157198835030294,1,0,14
43,156249.999989063,0.0157250872326048,1,0,14
44,156249.999988466,0.0157305373882998,1,0,14
45,156249.999987841,0.0157362456401089,1,0,14
46,156249.999987186,0.0157422242111177,1,0,14
47,156249.9999865,0.0157484859034854,1,0,14
48,156249.999985782,0.015755044125704,1,0,14
49,156249.99998503,0.0157619129211939,1,0,14
50,156249.999984242,0.0157691069982989,1,0,14
51,156249.999983417,0.0157766417617385,1,0,14
52,156249.999982553,0.0157845333455775,1,0,14
53,156249.999981647,0.0157927986477772,1,0,14
54,156249.999980699,0.0158014553663945,1,0,14
55,156249.999979706,0.0158105220375004,1,0,14
56,156249.999978666,0.015820018074894,1,0,14
57,156249.999977577,0.015829963811695,1,0,14
58,156249.999976436,0.0158403805439004,1,0,14
59,156249.999975242,0.0158512905759979,1,0,14
60,156249.99997399,0.0158627172687347,1,0,14
61,156249.999972679,0.0158746850891423,1,0,14
62,156249.999971307,0.0158872196629273,1,0,14
63,156249.999969869,0.0159003478293396,1,0,14
64,156249.999968363,0.0159140976986373,1,0,14
65,156249.999966786,0.0159284987122712,1,0,14
66,156249.999965134,0.0159435817059199,1,0,14
67,156249.999963404,0.015959378975509,1,0,14
68,156249.999961592,0.0159759243463572,1,0,14
69,156249.999959694,0.0159932532455978,1,0,14
70,156249.999957707,0.0160114027780293,1,0,14
71,156249.999955625,0.0160304118055588,1,0,14
72,156249.999953445,0.0160503210304077,1,0,14
73,156249.999951161,0.0160711730822573,1,0,14
74,156249.999948769,0.0160930126095217,1,0,14
75,156249.999946264,0.0161158863749416,1,0,14
76,156249.99994364,0.0161398433557062,1,0,14
77,156249.999940893,0.016164934848314,1,0,14
78,156249.999938014,0.0161912145784003,1,0,14
79,156249.999935,0.016218738815764,1,0,14
80,156249.999931843,0.0162475664948405,1,0,14
81,156249.999928536,0.0162777593408799,1,0,14
82,156249.999925073,0.0163093820020981,1,0,14
83,156249.999921446,0.016342502188086,1,0,14
84,156249.999917647,0.0163771908147708,1,0,14
85,156249.999913668,0.0164135221562424,1,0,14
86,156249.999909501,0.0164515740037663,1,0,14
87,156249.999905136,0.0164914278323271,1,0,14
88,156249.999900565,0.0165331689750551,1,0,14
89,156249.999895777,0.0165768868059128,1,0,14
90,156249.999890763,0.0166226749310299,1,0,14
91,156249.999885511,0.0166706313890964,1,0,14
92,156249.99988001,0.0167208588612439,1,0,14
93,156249.999874249,0.0167734648908626,1,0,14
94,156249.999868215,0.0168285621138251,1,0,14
95,156249.999861895,0.0168862684996093,1,0,14
96,156249.999855276,0.0169467076038356,1,0,14
97,156249.999848344,0.0170100088327605,1,0,14
98,156249.999841083,0.0170763077202896,1,0,14
99,156249.999833478,0.0171457462181046,1,0,14
100,156249.999825513,0.017218472999524,1,0,14
101,156249.999817172,0.0172946437777478,1,0,14
102,156249.999808435,0.0173744216391652,1,0,14
103,156249.999799284,0.0174579773924409,1,0,14
104,156249.9997897,0.0175454899341235,1,0,14
105,156249.999779662,0.0176371466315595,1,0,14
106,156249.999769149,0.0177331437239308,1,0,14
107,156249.999758138,0.0178336867422734,1,0,14
108,156249.999746605,0.0179389909493747,1,0,14
109,156249.999734527,0.0180492818004902,1,0,14
110,156249.999721876,0.018164795425864,1,0,14
111,156249.999708627,0.0182857791360837,1,0,14
112,156249.999694749,0.0184124919513506,1,0,14
113,156249.999680215,0.0185452051557959,1,0,14
114,156249.999664993,0.0186842028780259,1,0,14
115,156249.999649049,0.018829782699138,1,0,14
116,156249.999632351,0.0189822562895058,1,0,14
117,156249.999614862,0.0191419500756918,1,0,14
118,156249.999596545,0.0193092059389145,1,0,14
119,156249.99957736,0.0194843819465588,1,0,14
120,156249.999557267,0.0196678531182932,1,0,14
121,156249.999536223,0.0198600122284272,1,0,14
122,156249.999514182,0.020061270646224,1,0,14
123,156249.999491097,0.0202720592159593,1,0,14
124,156249.999466919,0.0204928291786047,1,0,14
125,156249.999441597,0.0207240531371022,1,0,14
126,156249.999415075,0.020966226067289,1,0,14
127,156249.999387297,0.0212198663766264,1,0,14
128,156249.999358204,0.0214855170129922,1,0,14
129,156249.999327734,0.0217637466258996,1,0,14
130,156249.99929582,0.0220551507826158,1,0,14
131,156249.999262396,0.0223603532417739,1,0,14
132,156249.999227388,0.0226800072871894,1,0,14
133,156249.999190724,0.0230147971247215,1,0,14
134,156249.999152323,0.023365439345156,1,0,14
135,156249.999112103,0.0237326844562203,1,0,14
136,156249.99906998,0.0241173184869907,1,0,14
137,156249.999025862,0.0245201646681079,1,0,14
138,156249.998979655,0.0249420851913735,1,0,14
139,156249.99893126,0.025383983052463,1,0,14
140,156249.998880573,0.0258468039806781,1,0,14
141,156249.998827487,0.0263315384598347,1,0,14
142,156249.998771887,0.0268392238445783,1,0,14
143,156249.998713655,0.0273709465766201,1,0,14
144,156249.998652666,0.0279278445055959,1,0,14
145,156249.998588789,0.0285111093194709,1,0,14
146,156249.998521888,0.0291219890896423,1,0,14
147,156249.998451819,0.0297617909361339,1,0,14
148,156249.998378433,0.0304318838185264,1,0,14
149,156249.998301572,0.0311337014585322,1,0,14
150,156249.998221073,0.0318687454003986,1,0,14
151,156249.998136763,0.0326385882156093,1,0,14
152,156249.998048461,0.0334448768586577,1,0,14
153,156249.997955979,0.0342893361809788,1,0,14
154,156249.997859118,0.0351737726104562,1,0,14
155,156249.997757673,0.0361000780042645,1,0,14
156,156249.997651424,0.037070233683166,1,0,14
157,156249.997540147,0.0380863146557608,1,0,14
158,156249.997423602,0.0391504940415757,1,0,14
159,156249.997301539,0.0402650477022935,1,0,14
160,156249.997173699,0.0414323590908526,1,0,14
161,156249.997039808,0.0426549243285904,1,0,14
162,156249.996899579,0.0439353575210785,1,0,14
163,156249.996752713,0.0452763963237867,1,0,14
164,156249.996598895,0.0466809077692162,1,0,14
165,156249.996437797,0.0481518943676837,1,0,14
166,156249.996269075,0.0496925004944942,1,0,14
167,156249.996092367,0.0513060190768186,1,0,14
168,156249.995907296,0.0529958985942021,1,0,14
169,156249.995713467,0.054765750407261,1,0,14
170,156249.995510466,0.0566193564297885,1,0,14
171,156249.995297858,0.0585606771601789,1,0,14
172,156249.995075189,0.060593860088797,1,0,14
173,156249.994841984,0.062723248498674,1,0,14
174,156249.994597744,0.0649533906776872,1,0,14
175,156249.994341949,0.0672890495612023,1,0,14
176,156249.994074051,0.0697352128249999,1,0,14
177,156249.993793478,0.0722971034491985,1,0,14
178,156249.993499632,0.0749801907748031,1,0,14
179,156249.993191886,0.0777902020754701,1,0,14
180,156249.992869582,0.0807331346680789,1,0,14
181,156249.992532032,0.0838152685867354,1,0,14
182,156249.992178517,0.0870431798459184,1,0,14
183,156249.991808282,0.0904237543195996,1,0,14
184,156249.991420538,0.0939642022643382,1,0,14
185,156249.991014457,0.0976720735155623,1,0,14
186,156249.990589174,0.101555273387511,1,0,14
187,156249.990143782,0.105622079308618,1,0,14
188,156249.989677332,0.109881158225475,1,0,14
189,156249.989188829,0.114341584809916,1,0,14
190,156249.988677235,0.119012860505226,1,0,14
191,156249.988141457,0.123904933448994,1,0,14
192,156249.987580357,0.129028219311663,1,0,14
193,156249.986992738,0.134393623091493,1,0,14
194,156249.986377352,0.140012561908283,1,0,14
195,156249.985732888,0.145896988839931,1,0,14
196,156249.985057976,0.152059417847717,1,0,14
197,156249.984351181,0.15851294983799,1,0,14
198,156249.983611,0.165271299909855,1,0,14
199,156249.982835861,0.172348825840397,1,0,14
200,156249.982024118,0.179760557860961,1,0,14
201,156249.981174047,0.187522229780075,1,0,14
202,156249.980283843,0.195650311510696,1,0,14
203,156249.979351619,0.20416204306161,1,0,14
204,156249.978375398,0.213075470054998,1,0,14
205,156249.97735311,0.222409480834466,1,0,14
206,156249.976282591,0.232183845230049,1,0,14
207,156249.975161572,0.242419255049086,1,0,14
208,156249.973987682,0.253137366364074,1,0,14
209,156249.972758439,0.264360843671496,1,0,14
210,156249.971471243,0.276113405996984,1,0,14
211,156249.970123375,0.288419875025214,1,0,14
212,156249.96871199,0.301306225336383,1,0,14
213,156249.96723411,0.314799636831009,1,0,14
214,156249.965686619,0.328928549429561,1,0,14
215,156249.964066257,0.343722720134428,1,0,14
216,156249.962369614,0.359213282544539,1,0,14
217,156249.960593119,0.375432808915044,1,0,14
218,156249.958733041,0.392415374856624,1,0,14
219,156249.956785472,0.410196626771046,1,0,14
220,156249.954746328,0.428813852121512,1,0,14
221,156249.952611335,0.448306052638086,1,0,14
222,156249.950376023,0.468714020560083,1,0,14
223,156249.948035718,0.490080418018668,1,0,14
224,156249.945585529,0.512449859664427,1,0,14
225,156249.943020346,0.535868998642704,1,0,14
226,156249.940334821,0.560386616028396,1,0,14
227,156249.937523366,0.586053713817846,1,0,14
228,156249.934580137,0.612923611589776,1,0,14
229,156249.931499026,0.641052046936866,1,0,14
230,156249.928273646,0.670497279772192,1,0,14
231,156249.924897324,0.701320200611604,1,0,14
232,156249.921363085,0.733584442930714,1,0,14
233,156249.917663639,0.767356499691603,1,0,14
234,156249.913791373,0.802705844130053,1,0,14
235,156249.909738328,0.839705054888709,1,0,14
236,156249.905496194,0.878429945575336,1,0,14
237,156249.901056289,0.918959698817325,1,0,14
238,156249.896409546,0.961377004875284,1,0,14
239,156249.891546499,1.0057682048669,1,0,14
240,156249.886457264,1.05222343864491,1,0,14
241,156249.881131521,1.10083679734677,1,0,14
242,156249.875558502,1.15170648063733,1,0,14
243,156249.869726968,1.20493495862976,1,0,14
244,156249.863625194,1.26062913846009,1,0,14
245,156249.857240946,1.31890053546422,1,0,14
246,156249.850561468,1.37986544888211,1,0,14
247,156249.843573454,1.44364514198446,1,0,14
248,156249.836263036,1.51036602648612,1,0,14
249,156249.828615756,1.58015985107435,1,0,14
250,156249.820616551,1.65316389384176,1,0,14
251,156249.812249726,1.72952115836936,1,0,14
252,156249.803498933,1.80938057315877,1,0,14
253,156249.794347153,1.89289719405841,1,0,14
254,156249.784776667,1.98023240927232,1,0,14
255,156249.774769037,2.07155414647768,1,0,14
256,156249.764305082,2.16703708149727,1,0,14
257,156249.753364852,2.26686284793135,1,0,14
258,156249.741927611,2.37122024701482,1,0,14
259,156249.729971805,2.48030545693514,1,0,14
260,156249.717475048,2.59432224071203,1,0,14
261,156249.704414089,2.71348215165189,1,0,14
262,156249.6907648,2.83800473527304,1,0,14
263,156249.676502145,2.96811772647834,1,0,14
264,156249.661600163,3.10405724062228,1,0,14
265,156249.646031945,3.24606795698079,1,0,14
266,156249.629769616,3.39440329298514,1,0,14
267,156249.612784317,3.54932556742251,1,0,14
268,156249.595046183,3.71110615064143,1,0,14
269,156249.576524334,3.88002559962209,1,0,14
270,156249.557186855,4.05637377558685,1,0,14
271,156249.537000788,4.2404499416316,1,0,14
272,156249.515932122,4.43256283765492,1,0,14
273,156249.493945786,4.63303072965023,1,0,14
274,156249.471005643,4.84218143020755,1,0,14
275,156249.447074496,5.06035228684553,1,0,14
276,156249.422114087,5.28789013456429,1,0,14
277,156249.396085104,5.52515120877548,1,0,14
278,156249.368947198,5.77250101453012,1,0,14
279,156249.340659,6.03031414773042,1,0,14
280,156249.31117814,6.29897406377952,1,0,14
281,156249.280461283,6.57887278889882,1,0,14
282,156249.248464161,6.87041056912655,1,0,14
283,156249.215141621,7.17399545181364,1,0,14
284,156249.180447671,7.49004279424699,1,0,14
285,156249.144335545,7.81897469387788,1,0,14
286,156249.106757773,8.16121933449783,1,0,14
287,156249.067666255,8.51721024266003,1,0,14
288,156249.027012356,8.887385448465,1,0,14
289,156248.984747004,9.27218654506293,1,0,14
290,156248.940820803,9.67205764105897,1,0,14
291,156248.895184159,10.087444200298,1,0,14
292,156248.847787414,10.5187917636605,1,0,14
293,156248.798581004,10.9665445478257,1,0,14
294,156248.747515618,11.4311439163652,1,0,14
295,156248.694542381,11.9130267190492,1,0,14
296,156248.639613048,12.4126234958916,1,0,14
297,156248.582680217,12.9303565432393,1,0,14
298,156248.523697551,13.4666378401277,1,0,14
299,156248.462620022,14.0218668342048,1,0,14
300,156248.399404168,14.596428087761,1,0,14
301,156248.334008365,15.1906887858108,1,0,14
302,156248.266393117,15.8049961097582,1,0,14
303,156248.196521358,16.4396744819511,1,0,14
304,156248.124358766,17.0950226882869,1,0,14
305,156248.049874097,17.7713108884151,1,0,14
306,156247.973039526,18.4687775249208,1,0,14
307,156247.893830997,19.1876261457852,1,0,14
308,156247.812228583,19.928022156701,1,0,14
309,156247.728216859,20.6900895226509,1,0,14
310,156247.641785265,21.4739074409164,1,0,14
311,156247.552928487,22.2795070105367,1,0,14
312,156247.461646821,23.1068679260965,1,0,14
313,156247.367946547,23.9559152265385,1,0,14
314,156247.27184028,24.826516132422,1,0,14
315,156247.173347322,25.7184770076144,1,0,14
316,156247.072493985,26.6315404837434,1,0,14
317,156246.969313906,27.5653827877616,1,0,14
318,156246.863848321,28.5196113146476,1,0,14
319,156246.756146324,29.493762488437,1,0,14
320,156246.646265081,30.4872999554318,1,0,15
321,156246.534270004,32.7489081957569,2,0,14
322,156246.179719528,36.3489433955041,2,0,14
323,156245.771079452,39.6985404723587,2,0,14
324,156245.349860515,43.3856712120173,2,0,14
325,156244.903730375,47.3540751757767,2,0,14
326,156244.431910746,51.587036639177,2,0,14
327,156243.934964477,56.0655082231089,2,0,14
328,156243.414275336,60.7669657248755,2,0,14
329,156242.871942375,65.665452465863,2,0,14
330,156242.31068904,70.7315841063277,2,0,14
331,156241.73377348,75.9327258153471,2,0,14
332,156241.144893971,81.2334225713714,2,0,14
333,156240.548084459,86.5960731930505,2,0,14
334,156239.947599005,91.9817979703263,2,0,14
335,156239.34778772,97.3514314144131,2,0,14
336,156238.752969495,102.666564709048,2,0,14
337,156238.167308197,107.890563340282,2,0,14
338,156237.594699229,112.989492776503,2,0,14
339,156237.038672506,117.932897799395,2,0,14
340,156236.502316424,122.694397522744,2,0,14
341,156235.98822546,127.252076239123,2,0,14
342,156235.498472057,131.58866787999,2,0,14
343,156235.034601602,135.691547222063,2,0,14
344,156234.597647836,139.552552740584,2,0,14
345,156234.188165039,143.167673593476,2,0,14
346,156233.806272811,146.536636657197,2,0,14
347,156233.451709238,149.662429360713,2,0,14
348,156233.123888472,152.550791114999,2,0,14
349,156232.821959342,155.209701355315,2,0,14
350,156232.544862235,157.648886497062,2,0,14
351,156232.291382209,159.879362198694,2,0,14
352,156232.060196955,161.913021776542,2,0,14
353,156231.84991884,163.762276776867,2,0,14
354,156231.659130705,165.439751755778,2,0,14
355,156231.48641551,166.95803228834,2,0,14
356,156231.330380147,168.32946307044,2,0,14
357,156231.189673947,169.56599158116,2,0,14
358,156231.063002477,170.679052003584,2,0,14
359,156230.949137291,171.679483818164,2,0,14
360,156230.846922259,172.57747955461,2,0,14
361,156230.755277094,173.382556502873,2,0,14
362,156230.673198621,174.103547648953,2,0,14
363,156230.599760285,176.982069452483,3,0,14
364,156229.425280821,188.989684479036,3,0,14
365,156228.36151296,199.50763332207,3,0,14
366,156227.37433629,208.877258064889,3,0,14
367,156226.463573553,217.234997748652,3,0,14
368,156225.63169373,224.654812873988,3,0,14
369,156224.880220092,231.194728781641,3,0,14
370,156224.208647763,236.914634796308,3,0,14
371,156223.614343531,241.880742274671,3,0,14
372,156223.092925793,246.164330809484,3,0,14
373,156222.63881219,249.838646949392,3,0,14
374,156222.245757525,252.975766772876,3,0,14
375,156221.907299963,255.644136082923,3,0,14
376,156221.617091703,257.906949975997,3,0,14
377,156221.36912074,259.821286376911,3,0,14
378,156221.157843028,261.437822804564,3,0,14
379,156220.978247089,262.800959179368,3,0,14
380,156220.825871149,263.949195967434,3,0,14
381,156220.696789054,264.915652620092,3,0,14
382,156220.587577275,265.728645049128,3,0,14
383,156220.495271769,266.412268583114,3,0,14
384,156220.417320699,266.986953714292,3,0,14
385,156220.351536868,267.469976711789,3,0,14
386,156220.29605225,267.875917084557,3,0,14
387,156220.249275929,268.217060176648,3,0,14
388,156220.209856071,268.503746931834,3,0,14
389,156220.176646099,268.744674900929,3,0,14
390,156220.148674962,268.947155488767,3,0,14
391,156220.125121262,269.117332672692,3,0,14
392,156220.105290858,269.260368257206,3,0,14
393,156220.088597631,269.380598347137,3,0,14
394,156220.074546988,269.481665242477,3,0,14
395,156220.062721799,269.566628453281,3,0,14
396,156220.052770418,269.63805804397,3,0,14
397,156220.044396514,269.69811306435,3,0,14
398,156220.037350442,269.748607419498,3,0,14
399,156220.031421941,269.791065174613,3,0,14
400,156220.026433961,269.826766982428,3,0,14
401,156220.022237436,269.856789056074,3,0,14
402,156220.018706887,269.882035884844,3,0,14
403,156220.015736697,269.903267699156,3,0,14
404,156220.013237979,269.92112352966,3,0,14
405,156220.011135928,269.936140569488,3,0,14
406,156220.0093676,269.948770434384,3,0,14
407,156220.00788003,269.959392819515,3,0,14
408,156220.006628656,269.968326971263,3,0,14
409,156220.005575982,269.975841324823,3,0,14
410,156220.004690465,269.982161601865,3,0,14
411,156220.003945565,269.987477615091,3,0,14
412,156220.003318956,269.991948986809,3,0,14
413,156220.002791856,269.9957099553,3,0,14
414,156220.002348464,269.998873414882,3,0,14
415,156220.001975487,270.0015343121,3,0,14
416,156220.001661743,270.003772500889,3,0,14
417,156220.001397826,270.005655143058,3,0,14
418,156220.001175823,270.007238726613,3,0,14
419,156220.000989079,280.54503328585,4,0,15
420,156218.412694102,301.52539736365,5,0,14
421,156215.493885046,323.177863785873,5,0,15
422,156212.89137837,355.809944377527,6,0,14
423,156208.755470189,389.098919410889,6,0,14
424,156205.10484633,419.202143970994,6,0,14
425,156201.919141397,445.193347278639,6,0,14
426,156199.243908517,466.785744252777,6,0,14
427,156197.067942005,484.184846147688,6,0,14
428,156195.343421289,505.087244192217,7,0,14
429,156191.678939547,538.000272075619,7,0,14
430,156188.677850635,564.713016730426,7,0,14
431,156186.266222889,585.086011212071,7,0,14
432,156184.431766694,599.758716444342,7,0,14
433,156183.096448752,609.911429952778,7,0,14
434,156182.150879418,616.763915057918,7,0,14
435,156181.491084561,621.324951196282,7,0,14
436,156181.033717766,624.338497594064,7,0,14
437,156180.717324284,626.321554526663,7,0,14
438,156180.498405305,627.622945392306,7,0,15
439,156180.346746934,644.791641794137,8,0,14
440,156177.27537302,664.855706926961,8,0,14
441,156174.95749801,678.976176307274,8,0,14
442,156173.257267093,690.348257833705,8,0,14
443,156172.092735671,698.593254345969,8,0,14
444,156171.335017178,704.462652111121,8,0,14
445,156170.853514108,708.633812968385,8,0,14
446,156170.549006221,711.618119627511,8,0,14
447,156170.355623414,713.772930688914,8,0,14
448,156170.231899353,715.343748010252,8,0,14
449,156170.152109862,716.499376333037,9,0,14
450,156166.613131208,746.218955741435,9,0,14
451,156164.16032882,795.792258282289,10,0,14
452,156159.247835072,830.645583923642,10,0,14
453,156155.959831539,854.670136911846,10,0,14
454,156153.791168666,870.2232274441,10,0,14
455,156152.395203482,880.152505210567,10,0,14
456,156151.508014504,886.503485865279,10,0,14
457,156150.947679265,890.602174398501,10,0,14
458,156150.594904824,893.283420801577,10,0,14
459,156150.373193133,895.068623747646,10,0,14
460,156150.233995649,896.282952990018,10,0,14
461,156150.146661651,897.129496298784,10,0,14
462,156150.091893765,897.735575403352,10,0,14
463,156150.057561542,898.181512961095,10,0,14
464,156150.036046868,898.518438183985,10,0,14
465,156150.022568434,898.779288948128,10,0,14
466,156150.014126788,898.985609825186,10,0,14
467,156150.008841023,899.151758766602,10,0,15
468,156150.005532065,935.161950765296,11,0,14
469,156146.267213346,953.098777487737,11,0,14
470,156143.958395574,966.467547645021,11,0,14
471,156142.442748895,975.789949740043,11,0,15
472,156141.487175503,1010.11594534632,12,0,14
473,156137.032640124,1037.0287759704,12,0,14
474,156134.001560597,1054.21801703157,12,0,14
475,156132.150439333,1064.03514446684,12,0,14
476,156131.124806739,1069.29808554641,12,0,14
477,156130.586221414,1072.15677797799,12,0,14
478,156130.308006618,1073.82390119047,12,0,14
479,156130.163813571,1074.76306350087,11,0,15
480,156130.088239155,1106.02960084884,13,0,14
481,156121.797059666,1168.90837691618,13,0,14
482,156116.614158057,1208.52462351918,13,0,14
483,156113.590573,1231.26604681215,13,0,14
484,156111.921237889,1243.91161344392,13,0,14
485,156111.022465338,1250.86897913827,13,0,14
486,156110.543277424,1254.70396218574,13,0,14
487,156110.288599729,1256.83587522101,13,0,14
488,156110.1533328,1258.0364753613,13,0,14
489,156110.081479733,1258.72452777258,13,0,14
490,156110.043302005,1259.12809114777,13,0,14
491,156110.02301316,1259.37206351531,13,0,14
492,156110.012230068,1259.52528838247,13,0,15
493,156110.006499049,1290.97933240273,14,0,14
494,156105.317748893,1313.75425884262,14,0,14
495,156102.768289172,1343.0904700001,15,0,14
496,156096.717165087,1389.67338868621,15,0,14
497,156093.326623258,1415.31548901452,15,0,14
498,156091.602563156,1428.15629826192,15,0,14
499,156090.771752463,1434.38298169579,16,0,14
500,156085.194907035,1483.24028915383,15,1,14
501,156082.279715767,1505.71089990726,15,1,14
502,156080.993501922,1517.86839001985,15,1,14
503,156080.445518653,1523.91114237189,15,1,14
504,156080.204733514,1526.9426850886,15,1,14
505,156080.095557867,1528.4844151325,15,1,15
506,156080.045046971,1554.62286923151,16,1,14
507,156074.857258252,1591.47811896496,16,1,14
508,156072.311467944,1607.34052440645,16,1,14
509,156071.08762098,1614.79292322779,16,1,14
510,156070.510733629,1618.18302443039,16,1,14
511,156070.240013375,1619.6755883824,16,1,14
512,156070.112932341,1620.29722646235,16,1,14
513,156070.05319573,1620.52614367285,16,1,14
514,156070.025078253,1620.58272721572,16,1,14
515,156070.011830007,1620.56743223142,16,1,14
516,156070.00558307,1620.52529114408,16,1,15
517,156070.002635827,1647.98653779185,17,1,14
518,156064.726128404,1682.93105870676,17,1,15
519,156062.216744656,1759.81439118408,18,1,14
520,156054.502232402,1786.96793320383,19,1,14
521,156046.474820094,1845.63969662253,19,1,15
522,156042.823869576,1907.08837886212,21,1,14
523,156030.571132429,2022.38152104363,22,1,14
524,156018.834242304,2100.97193667399,22,1,14
525,156013.121986891,2137.53490756954,22,1,14
526,156011.092183173,2150.38931304123,22,1,14
527,156010.408174043,2155.40043405856,22,1,14
528,156010.159068256,2157.70108007319,22,1,14
529,156010.063294758,2158.8116451184,22,1,14
530,156010.025459514,2159.34973195256,22,1,14
531,156010.010304094,2159.60704770113,22,1,14
532,156010.004186404,2159.72633679638,22,1,14
533,156010.001705297,2159.77807908095,22,1,14
534,156010.000695932,2159.79734672322,22,1,14
535,156010.000284407,2159.80174097248,22,1,14
536,156010.000116354,2201.48630078983,23,1,14
537,156004.137622139,2232.0015282097,23,1,14
538,156001.633592241,2263.77191908881,25,1,14
539,155989.796871179,2377.42217526558,25,1,14
540,155983.913823505,2414.93943971573,26,1,14
541,155975.38852854,2479.27544412696,26,1,14
542,155972.034895604,2505.76872008627,26,1,14
543,155970.755969544,2546.24127624552,27,1,14
544,155964.14548166,2592.31821428328,27,1,15
545,155961.336998685,2654.49562898542,28,1,14
546,155954.198737971,2689.78923276401,28,1,14
547,155951.300066626,2700.24273069453,28,1,15
548,155950.40494956,2746.57515335838,29,1,14
549,155943.893208186,2776.62311634957,29,1,14
550,155941.175001436,2786.11454932662,29,1,15
551,155940.352876878,2814.41541876631,30,1,14
552,155936.123654409,2846.21581584336,30,1,14
553,155932.770999397,2898.66250568156,31,1,14
554,155924.528598345,2950.61459134364,31,1,14
555,155921.36289261,2967.49255697532,31,1,14
556,155920.409984962,2980.21259668214,32,1,14
557,155913.845391883,3036.20548106241,32,1,15
558,155911.103242894,3100.34993949183,33,1,15
559,155903.776056313,3172.61486456109,34,1,14
560,155894.872310869,3215.559086966,35,1,14
561,155885.372256208,3310.63024878079,35,1,15
562,155881.743370206,3358.0890798558,36,1,14
563,155874.228721246,3395.11914063409,36,1,14
564,155871.405415184,3411.57574259883,36,1,14
565,155870.455877547,3417.01755767125,36,1,14
566,155870.147911119,3418.79673499041,36,1,14
567,155870.048210345,3419.41938208431,36,1,14
568,155870.015775444,3419.6736261312,36,1,14
569,155870.005175995,3419.79544214866,36,1,14
570,155870.001701205,3419.85976409008,36,1,14
571,155870.00055974,3419.89446196298,36,1,14
572,155870.00018429,3419.9123468876,36,1,14
573,155870.000060701,3419.9204259175,36,1,14
574,155870.000019998,3419.92290297678,36,1,15
575,155870.00000659,3477.7565318368,37,1,14
576,155863.300865814,3506.98328850308,37,1,14
577,155860.929685252,3512.84480973151,37,1,14
578,155860.278371133,3512.32285772344,37,1,14
579,155860.089338049,3511.3279281642,37,1,14
580,155860.029455126,3510.68721655263,37,1,14
581,155860.009773468,3496.96376321215,37,1,14
582,155860.003239985,3538.51785861174,38,1,14
583,155853.566009789,3580.87934385492,38,1,14
584,155851.054689094,3596.46246923449,38,1,14
585,155850.304478225,3600.18710369973,38,1,14
586,155850.090058436,3600.69222388927,38,1,15
587,155850.027213723,3644.87191922958,39,1,15
588,155843.253585046,3733.86003889875,40,1,14
589,155834.020535993,3799.85988354361,41,1,14
590,155824.30228141,3852.93514128914,41,1,14
591,155821.128302935,3867.35365907069,41,1,15
592,155820.302378238,3911.5869426287,42,1,14
593,155813.800701437,3960.920528339,42,1,15
594,155811.144649519,3978.4540110022,43,1,14
595,155803.792953833,4034.88459439641,44,1,14
596,155801.219396138,4053.17645616372,45,1,14
597,155793.420133399,4117.26794008697,45,1,14
598,155790.771625,4137.40463403331,45,1,15
599,155790.182504954,4220.85617842093,46,1,14
600,155783.23326428,4240.69327060296,46,1,14
601,155780.816653705,4238.3298797357,46,1,14
602,155780.22765611,4234.33648008888,46,1,14
603,155780.070045106,4232.51451298116,46,1,14
604,155780.022275912,4229.52279664117,46,1,16
605,155780.00712465,4314.16006896933,48,1,14
606,155766.792381707,4381.96228225723,49,1,14
607,155755.049480838,4487.17489641509,50,1,14
608,155744.384189463,4567.74953364019,50,1,14
609,155741.110774206,4613.37108684054,51,1,14
610,155732.89352686,4664.86821580361,51,1,14
611,155730.615280108,4677.08181917617,51,1,14
612,155730.145769137,4679.46704109331,51,1,14
613,155730.037598933,4680.01089070181,51,1,14
614,155730.010120305,4680.16673467605,51,1,14
615,155730.002784881,4680.23300782171,51,1,14
616,155730.000775933,4680.2745514475,51,1,15
617,155730.00021787,4750.26650194635,52,1,14
618,155722.835604087,4786.21524679571,53,1,14
619,155713.955868439,4841.64935011239,53,1,14
620,155711.062018392,4858.0707030394,53,1,14
621,155710.267779438,4862.07412950688,53,1,14
622,155710.068106672,4862.70947590284,53,1,14
623,155710.01764266,4862.61303013699,53,1,14
624,155710.004639861,4862.40951307272,53,1,14
625,155710.001234995,4862.22474072792,53,1,14
626,155710.000331973,4898.54388735412,54,1,14
627,155702.852513925,4940.46414058111,54,1,14
628,155700.617730578,4949.37297199237,54,1,14
629,155700.1522603,4950.32425132023,54,1,14
630,155700.041718716,4950.62866824167,54,1,15
631,155700.011780051,4990.15908911421,55,1,14
632,155692.846538901,5027.24482656984,55,1,15
633,155690.68238597,5079.46741508064,56,1,14
634,155683.773064775,5112.96209907689,56,1,14
635,155680.895676648,5124.61183677481,56,1,14
636,155680.203094849,5127.24170152511,56,1,15
637,155680.050226744,5188.91679036233,58,1,14
638,155665.565414997,5276.0520773099,57,1,15
639,155661.140805644,5357.6112354917,58,1,14
640,155652.997888898,5386.24622166179,58,1,14
641,155650.719820107,5393.72566462695,58,1,16
642,155650.175920331,5519.71546948089,60,1,14
643,155635.693758875,5578.01651783649,61,1,14
644,155625.324791862,5630.57365663003,61,1,14
645,155621.252510732,5661.11298727686,61,1,14
646,155620.253479573,5686.64442923272,61,1,15
647,155620.054937476,5677.81472047996,61,1,16
648,155620.012566039,5725.98202452503,62,1,17
649,155613.868922692,5868.70369930877,64,1,15
650,155596.194853984,5935.35792951776,64,1,15
651,155591.361988318,5947.04084658955,65,1,15
652,155582.839926768,6010.85602494945,65,1,15
653,155580.599511057,6029.02339905984,65,1,15
654,155580.138130436,6033.83139449275,65,1,15
655,155580.034356844,6034.93725181979,65,1,15
656,155580.008810756,6035.0145901081,65,1,15
657,155580.002283491,6034.8086106581,65,1,15
658,155580.000593711,6034.53951441887,65,1,15
659,155580.000154481,6034.27237588912,65,1,15
660,155580.000040199,6034.02413456962,65,1,15
661,155580.000010461,6057.66321650089,66,1,15
662,155572.341412079,6110.69958132142,66,1,15
663,155570.309885528,6124.2853874856,66,1,15
664,155570.051962089,6125.23903568639,66,1,15
665,155570.010694514,6124.74433100801,66,1,15
666,155570.00235298,6124.20348084447,66,1,15
667,155570.000529216,6123.77860880345,66,1,15
668,155570.000120019,6123.45590009512,66,1,16
669,155570.000027332,6164.30801181132,67,1,16
670,155562.514580719,6281.74527724313,68,1,16
671,155552.979121065,6366.67924605911,69,1,15
672,155543.014240564,6397.5389627892,69,1,15
673,155540.504660831,6398.26148613968,69,1,15
674,155540.097754636,6394.88999218067,69,1,16
675,155540.021590675,6434.7382041314,70,1,15
676,155532.721826274,6472.95257243827,70,1,15
677,155530.626127106,6481.18199530357,70,1,15
678,155530.158165983,6481.7307141947,70,1,15
679,155530.042039436,6481.04889517748,70,1,15
680,155530.011211592,6480.39473944806,70,1,15
681,155530.002961231,6479.97397085245,70,1,15
682,155530.000773532,6479.74117436499,70,1,15
683,155530.000200149,6479.62501836135,71,1,15
684,155522.580731077,6563.293124943,71,1,16
685,155520.480629584,6626.27236198518,72,1,16
686,155512.586088109,6706.23105669974,73,1,15
687,155502.893347481,6742.25082440215,73,1,15
688,155500.480122119,6748.68187198727,73,1,15
689,155500.093510269,6749.30987341353,73,1,15
690,155500.020561638,6749.22529131457,73,1,15
691,155500.004711415,6748.99975971541,73,1,16
692,155500.001095081,6799.00960152265,74,1,15
693,155492.357606223,6831.94564050158,74,1,15
694,155490.341333405,6838.9527002156,74,1,15
695,155490.058249926,6839.0640650185,74,1,15
696,155490.01165743,6838.66038632613,74,1,15
697,155490.002484626,6838.37716563306,74,1,15
698,155490.00054322,6838.21632579896,74,1,15
699,155490.000120141,6838.14266379043,75,1,16
700,155482.407153232,6975.49287028938,76,1,15
701,155472.953981554,7037.85773496691,78,1,15
702,155455.454698417,7185.0194510701,79,1,16
703,155443.355681117,7293.33091492544,79,1,16
704,155440.600396683,7300.49441893947,79,1,16
705,155440.126469147,7296.08239808928,79,1,16
706,155440.029960561,7292.96922008291,79,1,16
707,155440.007417073,7291.15805093078,79,1,16
708,155440.001864458,7290.14252750775,79,1,16
709,155440.000470613,7289.59553756684,79,1,16
710,155440.00011875,7289.3133539544,79,1,17
711,155440.000029904,7343.20942202434,80,1,16
712,155432.411094556,7374.07455159708,80,1,16
713,155430.372054759,7435.17917648258,81,1,17
714,155422.610527421,7502.78267022242,82,1,16
715,155413.021618171,7547.43940534054,82,1,16
716,155410.578351341,7560.24414605914,82,1,16
717,155410.123251723,7562.2985024472,82,1,16
718,155410.028306507,7561.52697267415,82,1,16
719,155410.006644108,7560.61298598261,82,1,16
720,155410.001565352,7559.96496768483,82,1,16
721,155410.000368193,7559.52035511408,82,1,16
722,155410.000086356,7559.21171228591,82,1,16
723,155410.000020198,7559.00287012089,82,1,16
724,155410.000004713,7558.86993266352,82,1,16
725,155410.000001098,7558.79334165312,82,1,16
726,155410.000000255,7558.75691288298,82,1,17
727,155410.000000059,7648.60258628416,83,1,17
728,155402.394822036,7649.01817326295,83,1,17
729,155400.397764666,7648.34936270295,83,1,17
730,155400.076879668,7647.21915743827,83,1,17
731,155400.017004824,7646.81569859153,83,1,17
732,155400.003961172,7614.45049012352,84,1,17
733,155400.000942318,7638.92448834238,84,1,17
734,155400.000227038,7644.89551631416,84,1,17
735,155400.000055293,7646.55736898962,84,1,17
736,155400.00001358,7647.08697139375,84,1,19
737,155400.000003356,7784.97753432309,86,1,17
738,155384.963460594,7825.59598557028,86,1,17
739,155380.920444196,7829.81759366714,86,1,17
740,155380.201622397,7828.76254535837,86,1,17
741,155380.048649204,7828.0803846308,86,1,17
742,155380.012075507,7827.74482605631,86,1,17
743,155380.003019968,7827.57673071613,86,1,17
744,155380.000756235,7827.49943152467,86,1,17
745,155380.000189271,7804.6999702892,86,1,17
746,155380.000047327,7863.95480128643,87,1,17
747,155373.016585833,7918.21339728224,88,1,18
748,155363.147319242,8049.64325478201,90,1,17
749,155345.551042051,8162.62683401684,90,1,17
750,155340.894522222,8188.66144014103,90,1,17
751,155340.166046254,8191.17125684326,91,1,17
